from	to	count
tests/anzeon	internal/testkit	34
tests/wbft	internal/testkit	22
tests/anzeon	internal/accounts	16
cmd/chainbench	internal/app	15
internal/testengine	internal/testspec	15
tests/wbft	internal/accounts	14
internal/testhelper	internal/testspec	14
cmd/chainbench	internal/accounts	9
cmd/chainbench	internal/chainsetup	9
internal/chainsetup	internal/resource	7
internal/core	tests/wbft	7
cmd/chainbench	internal/resource	6
cmd/chainbench	tests/all	6
internal/mcp	internal/app	6
internal/app	internal/chainsetup	4
internal/app	internal/resource	4
internal/testengine	internal/testhelper	4
internal/testengine	internal/resource	4
internal/consensus	internal/resource	4
internal/core	internal/resource	4
internal/core	tests/all	4
internal/chains	tests/wbft	4
cmd/chainbench	internal/testspec	3
cmd/chainbench	internal/dashboard	3
tests/wbft	internal/consensus	3
internal/app	internal/testspec	3
internal/mcp	tests/all	3
internal/core	internal/testkit	3
internal/chains	internal/accounts	3
cmd/chainbench-mcp	tests/all	2
tests/external	internal/testkit	2
internal/chainsetup	tests/all	2
internal/chainsetup	tests/external	2
internal/mcp	internal/consensus	2
internal/testengine	internal/accounts	2
internal/testhelper	internal/accounts	2
internal/consensus	tests/all	2
cmd/chainbench-dashboard	internal/dashboard	1
cmd/chainbench	internal/testengine	1
cmd/chainbench	internal/consensus	1
cmd/chainbench	internal/testhelper	1
cmd/chainbench	internal/validatorset	1
cmd/chainbench	internal/testkit	1
cmd/chainbench-mcp	internal/mcp	1
tests/all	internal/consensus	1
tests/all	internal/accounts	1
tests/all	tests/external	1
tests/all	tests/anzeon	1
tests/external	internal/accounts	1
tests/e2e	internal/accounts	1
internal/app	tests/all	1
internal/app	tests/external	1
internal/app	internal/testkit	1
internal/app	internal/testengine	1
internal/mcp	internal/chainsetup	1
internal/mcp	internal/accounts	1
internal/mcp	internal/testkit	1
internal/testengine	internal/chainsetup	1
internal/testengine	tests/wbft	1
internal/testspec	internal/testhelper	1
internal/testspec	internal/accounts	1
internal/validatorset	tests/all	1
internal/resource	internal/testkit	1
internal/consensus	tests/wbft	1
internal/core	internal/consensus	1
internal/core	internal/accounts	1
internal/chains	tests/all	1
internal/chains	tests/external	1
